scenario,coupon_target_annual,bond_term_ticks,tick,metric,mean,p05,p50,p95,n
regenbond_lp_injection,0.06,260,13,bond_annualized_fee_yield,0.08061132464485889,0.06627162395676249,0.08093129650431206,0.09472704503133807,3
regenbond_lp_injection,0.06,260,13,bond_coupon_coverage_ratio,1.3435220774143148,1.1045270659460416,1.3488549417385345,1.5787840838556344,3
regenbond_lp_injection,0.06,260,13,bond_coupon_shortfall_usd,0.0,0.0,0.0,0.0,3
regenbond_lp_injection,0.06,260,13,bond_cumulative_fee_return_usd,8061.13246448589,6627.16239567625,8093.129650431207,9472.704503133808,3
regenbond_lp_injection,0.06,260,13,debt_outstanding_usd,88144.07144847322,84565.08468046851,84672.239188274,94153.34079861738,3
regenbond_lp_injection,0.06,260,13,expected_cash_return_coverage,0.13285249333333335,0.1304852832,0.131831208,0.1359346032,3
regenbond_lp_injection,0.06,260,13,expected_verified_report_exposure,425.3734851024142,404.69547985576395,425.97072247076704,445.6334241912175,3
regenbond_lp_injection,0.06,260,13,expected_voucher_return_coverage,0.590488240148629,0.5859177889044644,0.5863269363717228,0.597971604036628,3
regenbond_lp_injection,0.06,260,13,fee_pool_cumulative_usd,5208.970117901664,5121.999817596179,5123.6724735213875,5355.648769273343,3
regenbond_lp_injection,0.06,260,13,household_cash_stress_ratio,0.216,0.1864,0.208,0.25120000000000003,3
regenbond_lp_injection,0.06,260,13,loan_issuance_volume_usd,148.50556960258407,15.031643122821444,150.31643122821444,280.7118929444054,3
regenbond_lp_injection,0.06,260,13,potential_avg_degree,32.138666666666666,32.038399999999996,32.096,32.2688,3
regenbond_lp_injection,0.06,260,13,potential_largest_component_share,0.992,0.992,0.992,0.992,3
regenbond_lp_injection,0.06,260,13,realized_avg_degree,10.314666666666668,10.0768,10.336,10.537600000000001,3
regenbond_lp_injection,0.06,260,13,realized_largest_component_share,0.992,0.992,0.992,0.992,3
regenbond_lp_injection,0.06,260,13,repayment_volume_usd,6450.0794325522575,4927.7418679119755,7102.008502143486,7516.066648478679,3
regenbond_lp_injection,0.06,260,13,route_success_rate_tick,0.9491297208289334,0.9181210941037949,0.9558011049723757,0.9754683786536622,3
regenbond_lp_injection,0.06,260,13,swap_volume_usd_tick,52480.85739309948,48092.19073978096,49907.85597357227,58670.62504008704,3
regenbond_lp_injection,0.06,260,13,transactions_per_tick,283.6666666666667,279.6,285.0,286.79999999999995,3
regenbond_lp_injection,0.06,260,26,bond_annualized_fee_yield,0.1271131049035442,0.11567427112696456,0.12396723581785297,0.14075404704010766,3
regenbond_lp_injection,0.06,260,26,bond_coupon_coverage_ratio,2.1185517483924032,1.9279045187827428,2.0661205969642165,2.3459007840017945,3
regenbond_lp_injection,0.06,260,26,bond_coupon_shortfall_usd,0.0,0.0,0.0,0.0,3
regenbond_lp_injection,0.06,260,26,bond_cumulative_fee_return_usd,25422.62098070884,23134.85422539291,24793.447163570596,28150.80940802153,3
regenbond_lp_injection,0.06,260,26,debt_outstanding_usd,98920.48628819751,93266.95431240508,102069.13659192123,102369.96305138334,3
regenbond_lp_injection,0.06,260,26,expected_cash_return_coverage,0.13285249333333335,0.1304852832,0.131831208,0.1359346032,3
regenbond_lp_injection,0.06,260,26,expected_verified_report_exposure,649.394685124516,638.1988165549076,653.0302447757031,658.0456619382934,3
regenbond_lp_injection,0.06,260,26,expected_voucher_return_coverage,0.590488240148629,0.5859177889044644,0.5863269363717228,0.597971604036628,3
regenbond_lp_injection,0.06,260,26,fee_pool_cumulative_usd,10121.650937053695,9108.082627244323,9574.37446215437,11518.312779292595,3
regenbond_lp_injection,0.06,260,26,household_cash_stress_ratio,0.2986666666666667,0.2736,0.288,0.33120000000000005,3
regenbond_lp_injection,0.06,260,26,loan_issuance_volume_usd,8.876559200632643,1.0999999999999999,2.0,21.466709841708134,3
regenbond_lp_injection,0.06,260,26,potential_avg_degree,41.41866666666667,41.363200000000006,41.392,41.492799999999995,3
regenbond_lp_injection,0.06,260,26,potential_largest_component_share,0.992,0.992,0.992,0.992,3
regenbond_lp_injection,0.06,260,26,realized_avg_degree,11.024000000000001,10.878400000000001,11.008,11.1808,3
regenbond_lp_injection,0.06,260,26,realized_largest_component_share,0.992,0.992,0.992,0.992,3
regenbond_lp_injection,0.06,260,26,repayment_volume_usd,2925.4170031273693,1181.4735457062463,3531.3749914049367,4245.189868754194,3
regenbond_lp_injection,0.06,260,26,route_success_rate_tick,0.9014163614163614,0.852014652014652,0.9047619047619048,0.9484761904761906,3
regenbond_lp_injection,0.06,260,26,swap_volume_usd_tick,66604.03015313864,38063.04100527502,74636.14486195089,89522.53900483367,3
regenbond_lp_injection,0.06,260,26,transactions_per_tick,331.3333333333333,314.0,332.0,348.2,3
regenbond_lp_injection,0.06,260,39,bond_annualized_fee_yield,0.13964145578861378,0.1281127820645492,0.1309766583040893,0.15723548775184554,3
regenbond_lp_injection,0.06,260,39,bond_coupon_coverage_ratio,2.327357596476897,2.135213034409154,2.182944305068155,2.6205914625307587,3
regenbond_lp_injection,0.06,260,39,bond_coupon_shortfall_usd,0.0,0.0,0.0,0.0,3
regenbond_lp_injection,0.06,260,39,bond_cumulative_fee_return_usd,41892.43673658414,38433.83461936477,39292.99749122679,47170.646325553666,3
regenbond_lp_injection,0.06,260,39,debt_outstanding_usd,108326.9238002067,94804.3561299181,116107.85659979992,116402.83851078004,3
regenbond_lp_injection,0.06,260,39,expected_cash_return_coverage,0.13285249333333335,0.1304852832,0.131831208,0.1359346032,3
regenbond_lp_injection,0.06,260,39,expected_verified_report_exposure,812.7545208980467,799.210642100544,801.3529215427579,834.2795192442516,3
regenbond_lp_injection,0.06,260,39,expected_voucher_return_coverage,0.590488240148629,0.5859177889044644,0.5863269363717228,0.597971604036628,3
regenbond_lp_injection,0.06,260,39,fee_pool_cumulative_usd,13903.099686189782,12455.470176753643,13074.615118899392,15930.668392729196,3
regenbond_lp_injection,0.06,260,39,household_cash_stress_ratio,0.2853333333333333,0.2664,0.288,0.3024,3
regenbond_lp_injection,0.06,260,39,loan_issuance_volume_usd,2.5687654221090037,1.0999999999999999,2.0,4.435666639694309,3
regenbond_lp_injection,0.06,260,39,potential_avg_degree,46.64000000000001,46.4336,46.448,46.9808,3
regenbond_lp_injection,0.06,260,39,potential_largest_component_share,0.992,0.992,0.992,0.992,3
regenbond_lp_injection,0.06,260,39,realized_avg_degree,11.376,11.1632,11.408,11.5664,3
regenbond_lp_injection,0.06,260,39,realized_largest_component_share,0.992,0.992,0.992,0.992,3
regenbond_lp_injection,0.06,260,39,repayment_volume_usd,3113.0388929669084,1681.211342071153,3841.6676675245644,4034.8263016723054,3
regenbond_lp_injection,0.06,260,39,route_success_rate_tick,0.8602080512887659,0.8244218211500092,0.8557046979865772,0.899146628739055,3
regenbond_lp_injection,0.06,260,39,swap_volume_usd_tick,73735.34497067255,56975.1267894471,72212.89877494176,91561.27548890957,3
regenbond_lp_injection,0.06,260,39,transactions_per_tick,330.0,308.1,318.0,360.29999999999995,3
regenbond_lp_injection,0.06,260,52,bond_annualized_fee_yield,0.16320407354965857,0.13978489737205851,0.14583698009806229,0.19878021514337607,3
regenbond_lp_injection,0.06,260,52,bond_coupon_coverage_ratio,2.72006789249431,2.329748289534309,2.430616334967705,3.3130035857229343,3
regenbond_lp_injection,0.06,260,52,bond_coupon_shortfall_usd,0.0,0.0,0.0,0.0,3
regenbond_lp_injection,0.06,260,52,bond_cumulative_fee_return_usd,65281.629419863435,55913.95894882341,58334.792039224914,79512.08605735043,3
regenbond_lp_injection,0.06,260,52,debt_outstanding_usd,138700.98109796303,124047.10736665073,129324.07571581556,159918.6885967785,3
regenbond_lp_injection,0.06,260,52,expected_cash_return_coverage,0.13285249333333335,0.1304852832,0.131831208,0.1359346032,3
regenbond_lp_injection,0.06,260,52,expected_verified_report_exposure,924.2488789289083,902.9125782652369,913.890407775261,952.836109400133,3
regenbond_lp_injection,0.06,260,52,expected_voucher_return_coverage,0.590488240148629,0.5859177889044644,0.5863269363717228,0.597971604036628,3
regenbond_lp_injection,0.06,260,52,fee_pool_cumulative_usd,19708.301412170476,17424.627955789416,18164.903835513396,23072.35317221149,3
regenbond_lp_injection,0.06,260,52,household_cash_stress_ratio,0.22933333333333336,0.1888,0.232,0.268,3
regenbond_lp_injection,0.06,260,52,loan_issuance_volume_usd,71.5153560230789,3.3331852110334363,33.33185211033436,166.42597957404556,3
regenbond_lp_injection,0.06,260,52,potential_avg_degree,47.04,46.790400000000005,46.848,47.424,3
regenbond_lp_injection,0.06,260,52,potential_largest_component_share,0.992,0.992,0.992,0.992,3
regenbond_lp_injection,0.06,260,52,realized_avg_degree,11.525333333333334,11.3072,11.552,11.7248,3
regenbond_lp_injection,0.06,260,52,realized_largest_component_share,0.992,0.992,0.992,0.992,3
regenbond_lp_injection,0.06,260,52,repayment_volume_usd,9690.082367794183,1545.4196822510662,2732.2152683088334,22705.252022977038,3
regenbond_lp_injection,0.06,260,52,route_success_rate_tick,0.9673467740981062,0.9423252616301276,0.969811320754717,0.9906431039064576,3
regenbond_lp_injection,0.06,260,52,swap_volume_usd_tick,192035.64572074043,144814.2549531288,158731.50656281295,262569.9338989013,3
regenbond_lp_injection,0.06,260,52,transactions_per_tick,336.3333333333333,316.2,345.0,350.4,3
regenbond_lp_injection,0.06,260,65,bond_annualized_fee_yield,0.17969838061292412,0.1418114372562816,0.1714934685089835,0.22332876244232508,3
regenbond_lp_injection,0.06,260,65,bond_coupon_coverage_ratio,2.994973010215402,2.3635239542713604,2.8582244751497248,3.722146040705418,3
regenbond_lp_injection,0.06,260,65,bond_coupon_shortfall_usd,0.0,0.0,0.0,0.0,3
regenbond_lp_injection,0.06,260,65,bond_cumulative_fee_return_usd,89849.19030646206,70905.7186281408,85746.73425449175,111664.38122116253,3
regenbond_lp_injection,0.06,260,65,debt_outstanding_usd,136825.18307234644,121234.96734459186,122091.48669369583,162728.98626515645,3
regenbond_lp_injection,0.06,260,65,expected_cash_return_coverage,0.13285249333333335,0.1304852832,0.131831208,0.1359346032,3
regenbond_lp_injection,0.06,260,65,expected_verified_report_exposure,1018.883756186859,996.2749852686012,1007.0809100797983,1049.7545193800593,3
regenbond_lp_injection,0.06,260,65,expected_voucher_return_coverage,0.590488240148629,0.5859177889044644,0.5863269363717228,0.597971604036628,3
regenbond_lp_injection,0.06,260,65,fee_pool_cumulative_usd,23701.529653314603,20443.35337060698,22206.538205316592,28006.199949620837,3
regenbond_lp_injection,0.06,260,65,household_cash_stress_ratio,0.2773333333333333,0.228,0.264,0.33599999999999997,3
regenbond_lp_injection,0.06,260,65,loan_issuance_volume_usd,42.53828211379567,0.0,0.0,114.85336170724828,3
regenbond_lp_injection,0.06,260,65,potential_avg_degree,47.04,46.790400000000005,46.848,47.424,3
regenbond_lp_injection,0.06,260,65,potential_largest_component_share,0.992,0.992,0.992,0.992,3
regenbond_lp_injection,0.06,260,65,realized_avg_degree,11.717333333333334,11.5088,11.696,11.9408,3
regenbond_lp_injection,0.06,260,65,realized_largest_component_share,0.992,0.992,0.992,0.992,3
regenbond_lp_injection,0.06,260,65,repayment_volume_usd,11010.715470123236,9252.882831950254,10630.478461886285,13034.714014062081,3
regenbond_lp_injection,0.06,260,65,route_success_rate_tick,0.9332107023411371,0.8936688963210702,0.93,0.975,3
regenbond_lp_injection,0.06,260,65,swap_volume_usd_tick,70278.03873627361,52832.78630349299,73190.10655715955,85684.84369443408,3
regenbond_lp_injection,0.06,260,65,transactions_per_tick,329.6666666666667,311.7,327.0,349.5,3
regenbond_lp_injection,0.06,260,78,bond_annualized_fee_yield,0.17483959177052052,0.13904787687919737,0.16471552077011373,0.2177181563621284,3
regenbond_lp_injection,0.06,260,78,bond_coupon_coverage_ratio,2.913993196175342,2.3174646146532893,2.7452586795018954,3.6286359393688064,3
regenbond_lp_injection,0.06,260,78,bond_coupon_shortfall_usd,0.0,0.0,0.0,0.0,3
regenbond_lp_injection,0.06,260,78,bond_cumulative_fee_return_usd,104903.7550623123,83428.72612751841,98829.31246206824,130630.89381727703,3
regenbond_lp_injection,0.06,260,78,debt_outstanding_usd,136053.44206369363,118105.58467178603,120732.92823501714,164725.6591356747,3
regenbond_lp_injection,0.06,260,78,expected_cash_return_coverage,0.13285249333333335,0.1304852832,0.131831208,0.1359346032,3
regenbond_lp_injection,0.06,260,78,expected_verified_report_exposure,1107.1117199480082,1080.753061980274,1095.9057585795588,1141.314550873657,3
regenbond_lp_injection,0.06,260,78,expected_voucher_return_coverage,0.590488240148629,0.5859177889044644,0.5863269363717228,0.597971604036628,3
regenbond_lp_injection,0.06,260,78,fee_pool_cumulative_usd,26788.359097616263,23039.11952556281,25311.135054832077,31571.655499618635,3
regenbond_lp_injection,0.06,260,78,household_cash_stress_ratio,0.2906666666666667,0.27440000000000003,0.296,0.30319999999999997,3
regenbond_lp_injection,0.06,260,78,loan_issuance_volume_usd,73.3403721356746,59.384137454622525,60.049690208584124,96.60008416568999,3
regenbond_lp_injection,0.06,260,78,potential_avg_degree,47.04,46.790400000000005,46.848,47.424,3
regenbond_lp_injection,0.06,260,78,potential_largest_component_share,0.992,0.992,0.992,0.992,3
regenbond_lp_injection,0.06,260,78,realized_avg_degree,11.856,11.638399999999999,11.84,12.0848,3
regenbond_lp_injection,0.06,260,78,realized_largest_component_share,0.992,0.992,0.992,0.992,3
regenbond_lp_injection,0.06,260,78,repayment_volume_usd,3428.4025841059206,2102.5584219430443,2398.2657016975913,5475.342563954627,3
regenbond_lp_injection,0.06,260,78,route_success_rate_tick,0.8843218134522483,0.8599632107023412,0.8896321070234113,0.9049632107023411,3
regenbond_lp_injection,0.06,260,78,swap_volume_usd_tick,67603.39906217474,58983.45565079875,59118.088782070015,82163.05966962405,3
regenbond_lp_injection,0.06,260,78,transactions_per_tick,360.0,355.1,356.0,367.7,3
regenbond_lp_injection,0.06,260,91,bond_annualized_fee_yield,0.18425518785557116,0.1399111773155111,0.18219523383332553,0.2300411662112031,3
regenbond_lp_injection,0.06,260,91,bond_coupon_coverage_ratio,3.070919797592852,2.3318529552585185,3.036587230555426,3.834019436853385,3
regenbond_lp_injection,0.06,260,91,bond_coupon_shortfall_usd,0.0,0.0,0.0,0.0,3
regenbond_lp_injection,0.06,260,91,bond_cumulative_fee_return_usd,128978.63149889979,97937.82412085778,127536.66368332788,161028.81634784216,3
regenbond_lp_injection,0.06,260,91,debt_outstanding_usd,176056.2540528141,162710.96199298426,173136.73683357454,191445.20816611167,3
regenbond_lp_injection,0.06,260,91,expected_cash_return_coverage,0.13285249333333335,0.1304852832,0.131831208,0.1359346032,3
regenbond_lp_injection,0.06,260,91,expected_verified_report_exposure,1175.5282359114346,1146.7814606763645,1164.107752971531,1212.2693492044373,3
regenbond_lp_injection,0.06,260,91,expected_voucher_return_coverage,0.590488240148629,0.5859177889044644,0.5863269363717228,0.597971604036628,3
regenbond_lp_injection,0.06,260,91,fee_pool_cumulative_usd,30734.538160822514,26401.071472384458,29251.348920150467,36106.237317731,3
regenbond_lp_injection,0.06,260,91,household_cash_stress_ratio,0.2906666666666667,0.268,0.304,0.304,3
regenbond_lp_injection,0.06,260,91,loan_issuance_volume_usd,48.47165273143136,5.907868731335441,59.07868731335441,83.61051252418115,3
regenbond_lp_injection,0.06,260,91,potential_avg_degree,47.04,46.790400000000005,46.848,47.424,3
regenbond_lp_injection,0.06,260,91,potential_largest_component_share,0.992,0.992,0.992,0.992,3
regenbond_lp_injection,0.06,260,91,realized_avg_degree,11.909333333333334,11.7024,11.904,12.12,3
regenbond_lp_injection,0.06,260,91,realized_largest_component_share,0.992,0.992,0.992,0.992,3
regenbond_lp_injection,0.06,260,91,repayment_volume_usd,5961.121604912901,5670.8370929332,5719.25928683937,6420.709739544072,3
regenbond_lp_injection,0.06,260,91,route_success_rate_tick,0.8922222222222222,0.8566666666666667,0.8866666666666667,0.9316666666666666,3
regenbond_lp_injection,0.06,260,91,swap_volume_usd_tick,96360.1249864761,74855.0423138444,105337.23368262159,111581.23157180597,3
regenbond_lp_injection,0.06,260,91,transactions_per_tick,349.3333333333333,328.90000000000003,355.0,365.79999999999995,3
regenbond_lp_injection,0.06,260,104,bond_annualized_fee_yield,0.18500088250498423,0.1410210259791489,0.18123991576149226,0.2316134157512639,3
regenbond_lp_injection,0.06,260,104,bond_coupon_coverage_ratio,3.083348041749737,2.350350432985815,3.0206652626915376,3.8602235958543987,3
regenbond_lp_injection,0.06,260,104,bond_coupon_shortfall_usd,0.0,0.0,0.0,0.0,3
regenbond_lp_injection,0.06,260,104,bond_cumulative_fee_return_usd,148000.70600398738,112816.82078331913,144991.9326091938,185290.7326010111,3
regenbond_lp_injection,0.06,260,104,debt_outstanding_usd,161419.1406889043,153430.0190557446,155632.12790009895,173459.17127422767,3
regenbond_lp_injection,0.06,260,104,expected_cash_return_coverage,0.13285249333333335,0.1304852832,0.131831208,0.1359346032,3
regenbond_lp_injection,0.06,260,104,expected_verified_report_exposure,1238.4803923019715,1206.8597791251932,1229.2788519639792,1276.5420837153445,3
regenbond_lp_injection,0.06,260,104,expected_voucher_return_coverage,0.590488240148629,0.5859177889044644,0.5863269363717228,0.597971604036628,3
regenbond_lp_injection,0.06,260,104,fee_pool_cumulative_usd,34401.68878800812,29683.942448718284,32620.460112006276,40366.29520049924,3
regenbond_lp_injection,0.06,260,104,household_cash_stress_ratio,0.25333333333333335,0.24080000000000001,0.248,0.2696,3
regenbond_lp_injection,0.06,260,104,loan_issuance_volume_usd,77.24748891333364,34.87588262229356,71.69032027645413,123.50911325018937,3
regenbond_lp_injection,0.06,260,104,potential_avg_degree,46.885333333333335,46.42400000000001,46.784,47.4176,3
regenbond_lp_injection,0.06,260,104,potential_largest_component_share,0.992,0.992,0.992,0.992,3
regenbond_lp_injection,0.06,260,104,realized_avg_degree,11.984,11.766399999999999,11.968,12.2128,3
regenbond_lp_injection,0.06,260,104,realized_largest_component_share,0.992,0.992,0.992,0.992,3
regenbond_lp_injection,0.06,260,104,repayment_volume_usd,5888.69099584282,1629.2713759704063,7921.989576911733,8724.801608966996,3
regenbond_lp_injection,0.06,260,104,route_success_rate_tick,0.947384666413989,0.9217791308792321,0.9401993355481728,0.9780199335548172,3
regenbond_lp_injection,0.06,260,104,swap_volume_usd_tick,115708.42810791217,86187.31268756493,108709.25696162158,150128.9633306628,3
regenbond_lp_injection,0.06,260,104,transactions_per_tick,335.0,286.0,349.0,374.2,3
regenbond_lp_injection,0.06,260,117,bond_annualized_fee_yield,0.18460189520633566,0.14098822229463898,0.18160265952247284,0.23031503309673634,3
regenbond_lp_injection,0.06,260,117,bond_coupon_coverage_ratio,3.0766982534389276,2.349803704910649,3.026710992041214,3.838583884945606,3
regenbond_lp_injection,0.06,260,117,bond_coupon_shortfall_usd,0.0,0.0,0.0,0.0,3
regenbond_lp_injection,0.06,260,117,bond_cumulative_fee_return_usd,166141.70568570212,126889.40006517505,163442.39357022557,207283.52978706275,3
regenbond_lp_injection,0.06,260,117,debt_outstanding_usd,141264.13931551686,123901.45825865833,136502.6876610075,161959.83653053193,3
regenbond_lp_injection,0.06,260,117,expected_cash_return_coverage,0.13285249333333335,0.1304852832,0.131831208,0.1359346032,3
regenbond_lp_injection,0.06,260,117,expected_verified_report_exposure,1296.7130936081783,1265.3143090076019,1286.3759280522156,1335.3478940979282,3
regenbond_lp_injection,0.06,260,117,expected_voucher_return_coverage,0.590488240148629,0.5859177889044644,0.5863269363717228,0.597971604036628,3
regenbond_lp_injection,0.06,260,117,fee_pool_cumulative_usd,37103.20943645917,32248.20632958101,34800.25860756014,43570.27812356664,3
regenbond_lp_injection,0.06,260,117,household_cash_stress_ratio,0.272,0.25760000000000005,0.272,0.28639999999999993,3
regenbond_lp_injection,0.06,260,117,loan_issuance_volume_usd,234.50973461507377,1.2193832567279232,12.193832567279232,623.4212174068757,3
regenbond_lp_injection,0.06,260,117,potential_avg_degree,46.885333333333335,46.42400000000001,46.784,47.4176,3
regenbond_lp_injection,0.06,260,117,potential_largest_component_share,0.992,0.992,0.992,0.992,3
regenbond_lp_injection,0.06,260,117,realized_avg_degree,12.032000000000002,11.8112,11.984,12.2864,3
regenbond_lp_injection,0.06,260,117,realized_largest_component_share,0.992,0.992,0.992,0.992,3
regenbond_lp_injection,0.06,260,117,repayment_volume_usd,4928.550192570213,3440.43986462084,4992.9445012872075,6371.58450441769,3
regenbond_lp_injection,0.06,260,117,route_success_rate_tick,0.8931085811468003,0.8793150348948694,0.8803986710963455,0.9157990644340493,3
regenbond_lp_injection,0.06,260,117,swap_volume_usd_tick,58405.04857651743,49052.81941680215,57858.223615807525,68140.05520872964,3
regenbond_lp_injection,0.06,260,117,transactions_per_tick,328.6666666666667,321.2,332.0,333.8,3
regenbond_lp_injection,0.06,260,130,bond_annualized_fee_yield,0.18689014312172916,0.1410741589342818,0.18379029607420985,0.23487602024244003,3
regenbond_lp_injection,0.06,260,130,bond_coupon_coverage_ratio,3.114835718695486,2.35123598223803,3.0631716012368306,3.914600337374001,3
regenbond_lp_injection,0.06,260,130,bond_coupon_shortfall_usd,0.0,0.0,0.0,0.0,3
regenbond_lp_injection,0.06,260,130,bond_cumulative_fee_return_usd,186890.14312172917,141074.1589342818,183790.29607420985,234876.02024244005,3
regenbond_lp_injection,0.06,260,130,debt_outstanding_usd,159661.71209721835,156745.95086646598,161180.53844938887,161514.29488145132,3
regenbond_lp_injection,0.06,260,130,expected_cash_return_coverage,0.13285249333333335,0.1304852832,0.131831208,0.1359346032,3
regenbond_lp_injection,0.06,260,130,expected_verified_report_exposure,1347.9635079543357,1317.0199207151177,1339.0060751642848,1385.1772981465888,3
regenbond_lp_injection,0.06,260,130,expected_voucher_return_coverage,0.590488240148629,0.5859177889044644,0.5863269363717228,0.597971604036628,3
regenbond_lp_injection,0.06,260,130,fee_pool_cumulative_usd,40079.27354477633,34993.42012059134,37138.36674870758,47223.76172620946,3
regenbond_lp_injection,0.06,260,130,household_cash_stress_ratio,0.28800000000000003,0.25120000000000003,0.28,0.3304,3
regenbond_lp_injection,0.06,260,130,loan_issuance_volume_usd,165.610050898855,13.127222029678329,86.08957351706009,373.75721393528806,3
regenbond_lp_injection,0.06,260,130,potential_avg_degree,47.04,46.790400000000005,46.848,47.424,3
regenbond_lp_injection,0.06,260,130,potential_largest_component_share,0.992,0.992,0.992,0.992,3
regenbond_lp_injection,0.06,260,130,realized_avg_degree,12.085333333333333,11.872,12.016,12.3472,3
regenbond_lp_injection,0.06,260,130,realized_largest_component_share,0.992,0.992,0.992,0.992,3
regenbond_lp_injection,0.06,260,130,repayment_volume_usd,2099.3811131060365,642.8862561005387,775.9535684492525,4482.275251371282,3
regenbond_lp_injection,0.06,260,130,route_success_rate_tick,0.8866666666666667,0.8646666666666667,0.8766666666666667,0.9156666666666667,3
regenbond_lp_injection,0.06,260,130,swap_volume_usd_tick,82864.50801422064,68032.52307297527,74760.05619389979,103369.60922969064,3
regenbond_lp_injection,0.06,260,130,transactions_per_tick,337.3333333333333,335.2,337.0,339.7,3
regenbond_lp_injection,0.06,260,143,bond_annualized_fee_yield,0.19065973688434393,0.14153782331502773,0.1973082088294734,0.23512772009206956,3
regenbond_lp_injection,0.06,260,143,bond_coupon_coverage_ratio,3.1776622814057327,2.358963721917129,3.2884701471578897,3.918795334867826,3
regenbond_lp_injection,0.06,260,143,bond_coupon_shortfall_usd,0.0,0.0,0.0,0.0,3
regenbond_lp_injection,0.06,260,143,bond_cumulative_fee_return_usd,209725.71057277836,155691.60564653052,217039.0297124207,258640.49210127653,3
regenbond_lp_injection,0.06,260,143,debt_outstanding_usd,169467.57938152083,164050.7448128683,164503.66054962503,178359.15713250043,3
regenbond_lp_injection,0.06,260,143,expected_cash_return_coverage,0.13285249333333335,0.1304852832,0.131831208,0.1359346032,3
regenbond_lp_injection,0.06,260,143,expected_verified_report_exposure,1395.2207726487588,1361.8922251524875,1386.0756467893507,1434.950908246616,3
regenbond_lp_injection,0.06,260,143,expected_voucher_return_coverage,0.590488240148629,0.5859177889044644,0.5863269363717228,0.597971604036628,3
regenbond_lp_injection,0.06,260,143,fee_pool_cumulative_usd,43351.5445175622,37870.35422927052,39968.82853712438,51200.63599216036,3
regenbond_lp_injection,0.06,260,143,household_cash_stress_ratio,0.29866666666666664,0.2664,0.288,0.3384,3
regenbond_lp_injection,0.06,260,143,loan_issuance_volume_usd,75.62028370660227,4.96176614864021,49.6176614864021,164.48063681870443,3
regenbond_lp_injection,0.06,260,143,potential_avg_degree,46.95466666666667,46.56,46.848,47.424,3
regenbond_lp_injection,0.06,260,143,potential_largest_component_share,0.992,0.992,0.992,0.992,3
regenbond_lp_injection,0.06,260,143,realized_avg_degree,12.122666666666667,11.892800000000001,12.08,12.3824,3
regenbond_lp_injection,0.06,260,143,realized_largest_component_share,0.992,0.992,0.992,0.992,3
regenbond_lp_injection,0.06,260,143,repayment_volume_usd,5195.092789465901,2318.3699617022994,5018.663019340571,8195.316456317232,3
regenbond_lp_injection,0.06,260,143,route_success_rate_tick,0.8668785084448776,0.8369465547409688,0.8595317725752508,0.901953177257525,3
regenbond_lp_injection,0.06,260,143,swap_volume_usd_tick,73453.02506164483,52545.918040592,61211.9293785641,102928.8990608542,3
regenbond_lp_injection,0.06,260,143,transactions_per_tick,341.3333333333333,321.6,336.0,364.8,3
regenbond_lp_injection,0.06,260,156,bond_annualized_fee_yield,0.18797723297925387,0.14117708023925268,0.19641176681634606,0.22887321203329056,3
regenbond_lp_injection,0.06,260,156,bond_coupon_coverage_ratio,3.1329538829875645,2.352951337320878,3.273529446939101,3.814553533888176,3
regenbond_lp_injection,0.06,260,156,bond_coupon_shortfall_usd,0.0,0.0,0.0,0.0,3
regenbond_lp_injection,0.06,260,156,bond_cumulative_fee_return_usd,225572.67957510464,169412.49628710322,235694.12017961527,274647.8544399487,3
regenbond_lp_injection,0.06,260,156,debt_outstanding_usd,155638.91859981293,147407.08881102482,158069.470891352,162169.36178452373,3
regenbond_lp_injection,0.06,260,156,expected_cash_return_coverage,0.13285249333333335,0.1304852832,0.131831208,0.1359346032,3
regenbond_lp_injection,0.06,260,156,expected_verified_report_exposure,1440.4549495448337,1408.5050527261837,1429.4385661159442,1480.116314763706,3
regenbond_lp_injection,0.06,260,156,expected_voucher_return_coverage,0.590488240148629,0.5859177889044644,0.5863269363717228,0.597971604036628,3
regenbond_lp_injection,0.06,260,156,fee_pool_cumulative_usd,46387.14639541553,40360.514701940236,43130.675548678824,54693.307681606544,3
regenbond_lp_injection,0.06,260,156,household_cash_stress_ratio,0.2373333333333333,0.224,0.224,0.26,3
regenbond_lp_injection,0.06,260,156,loan_issuance_volume_usd,25.91041560621721,19.506175114530137,28.211187156431453,30.704116012754312,3
regenbond_lp_injection,0.06,260,156,potential_avg_degree,46.95466666666667,46.56,46.848,47.424,3
regenbond_lp_injection,0.06,260,156,potential_largest_component_share,0.992,0.992,0.992,0.992,3
regenbond_lp_injection,0.06,260,156,realized_avg_degree,12.144,11.9072,12.08,12.4256,3
regenbond_lp_injection,0.06,260,156,realized_largest_component_share,0.992,0.992,0.992,0.992,3
regenbond_lp_injection,0.06,260,156,repayment_volume_usd,5053.541638789925,1511.283258719715,6050.2965405532395,7898.071587625814,3
regenbond_lp_injection,0.06,260,156,route_success_rate_tick,0.952616630992951,0.9200597842270426,0.9556313993174061,0.9830631399317407,3
regenbond_lp_injection,0.06,260,156,swap_volume_usd_tick,87564.02289579017,80336.93744356484,82280.80915311062,98489.35796789122,3
regenbond_lp_injection,0.06,260,156,transactions_per_tick,363.0,346.1,356.0,384.8,3
regenbond_lp_injection,0.06,260,169,bond_annualized_fee_yield,0.18815800432774546,0.1409327550341804,0.19633806547314403,0.2296572108195315,3
regenbond_lp_injection,0.06,260,169,bond_coupon_coverage_ratio,3.1359667387957573,2.3488792505696736,3.272301091219067,3.8276201803255248,3
regenbond_lp_injection,0.06,260,169,bond_coupon_shortfall_usd,0.0,0.0,0.0,0.0,3
regenbond_lp_injection,0.06,260,169,bond_cumulative_fee_return_usd,244605.40562606908,183212.58154443454,255239.48511508724,298554.37406539096,3
regenbond_lp_injection,0.06,260,169,debt_outstanding_usd,141791.03657690427,131296.03045986514,144315.75324375028,150518.7410271512,3
regenbond_lp_injection,0.06,260,169,expected_cash_return_coverage,0.13285249333333335,0.1304852832,0.131831208,0.1359346032,3
regenbond_lp_injection,0.06,260,169,expected_verified_report_exposure,1485.7690796872655,1455.1638885852608,1474.389433191119,1524.3400233365721,3
regenbond_lp_injection,0.06,260,169,expected_voucher_return_coverage,0.590488240148629,0.5859177889044644,0.5863269363717228,0.597971604036628,3
regenbond_lp_injection,0.06,260,169,fee_pool_cumulative_usd,48791.66970856202,42176.67086534378,45753.10781689495,57533.6618759472,3
regenbond_lp_injection,0.06,260,169,household_cash_stress_ratio,0.2853333333333334,0.264,0.264,0.3216,3
regenbond_lp_injection,0.06,260,169,loan_issuance_volume_usd,70.78531028467832,0.0,0.0,191.12033776863143,3
regenbond_lp_injection,0.06,260,169,potential_avg_degree,46.95466666666667,46.56,46.848,47.424,3
regenbond_lp_injection,0.06,260,169,potential_largest_component_share,0.992,0.992,0.992,0.992,3
regenbond_lp_injection,0.06,260,169,realized_avg_degree,12.170666666666667,11.936,12.08,12.468800000000002,3
regenbond_lp_injection,0.06,260,169,realized_largest_component_share,0.992,0.992,0.992,0.992,3
regenbond_lp_injection,0.06,260,169,repayment_volume_usd,4222.609297947251,2839.9500814360445,4275.4962568275505,5568.247643242248,3
regenbond_lp_injection,0.06,260,169,route_success_rate_tick,0.8856626061277225,0.8553333333333334,0.9033333333333333,0.9036223698781838,3
regenbond_lp_injection,0.06,260,169,swap_volume_usd_tick,58776.00955139187,45189.13517749065,64480.834110684016,68369.50673378858,3
regenbond_lp_injection,0.06,260,169,transactions_per_tick,331.6666666666667,324.3,327.0,342.3,3
regenbond_lp_injection,0.06,260,182,bond_annualized_fee_yield,0.19025083026209208,0.14190210357537097,0.199448673205475,0.23216106688844507,3
regenbond_lp_injection,0.06,260,182,bond_coupon_coverage_ratio,3.170847171034868,2.365035059589516,3.3241445534245835,3.8693511148074187,3
regenbond_lp_injection,0.06,260,182,bond_coupon_shortfall_usd,0.0,0.0,0.0,0.0,3
regenbond_lp_injection,0.06,260,182,bond_cumulative_fee_return_usd,266351.1623669289,198662.94500551937,279228.142487665,325025.4936438231,3
regenbond_lp_injection,0.06,260,182,debt_outstanding_usd,155247.6400089583,149954.87199448072,153321.90548097517,161888.42219302402,3
regenbond_lp_injection,0.06,260,182,expected_cash_return_coverage,0.13285249333333335,0.1304852832,0.131831208,0.1359346032,3
regenbond_lp_injection,0.06,260,182,expected_verified_report_exposure,1526.292954122455,1495.7220480608844,1513.382297056258,1565.901320130364,3
regenbond_lp_injection,0.06,260,182,expected_voucher_return_coverage,0.590488240148629,0.5859177889044644,0.5863269363717228,0.597971604036628,3
regenbond_lp_injection,0.06,260,182,fee_pool_cumulative_usd,52106.65529973976,44510.37900854225,49240.76159417406,61709.057184833255,3
regenbond_lp_injection,0.06,260,182,household_cash_stress_ratio,0.296,0.264,0.264,0.3504,3
regenbond_lp_injection,0.06,260,182,loan_issuance_volume_usd,55.251606705025516,2.2364972028858974,22.364972028858972,131.28736048048168,3
regenbond_lp_injection,0.06,260,182,potential_avg_degree,46.95466666666667,46.56,46.848,47.424,3
regenbond_lp_injection,0.06,260,182,potential_largest_component_share,0.992,0.992,0.992,0.992,3
regenbond_lp_injection,0.06,260,182,realized_avg_degree,12.234666666666667,12.0256,12.112,12.5296,3
regenbond_lp_injection,0.06,260,182,realized_largest_component_share,0.992,0.992,0.992,0.992,3
regenbond_lp_injection,0.06,260,182,repayment_volume_usd,2335.4632284846066,1057.254464365061,1488.3154703389894,4206.675423306085,3
regenbond_lp_injection,0.06,260,182,route_success_rate_tick,0.8866577230757035,0.8637109634551495,0.867109634551495,0.9232881446632033,3
regenbond_lp_injection,0.06,260,182,swap_volume_usd_tick,72412.5013429479,63280.08227469621,63374.218198506205,87871.71861230877,3
regenbond_lp_injection,0.06,260,182,transactions_per_tick,333.0,317.1,318.0,359.4,3
regenbond_lp_injection,0.06,260,195,bond_annualized_fee_yield,0.18926025246941058,0.14024127651376195,0.19805178450634536,0.23212515599920486,3
regenbond_lp_injection,0.06,260,195,bond_coupon_coverage_ratio,3.1543375411568433,2.3373546085627,3.300863075105756,3.8687525999867476,3
regenbond_lp_injection,0.06,260,195,bond_coupon_shortfall_usd,0.0,0.0,0.0,0.0,3
regenbond_lp_injection,0.06,260,195,bond_cumulative_fee_return_usd,283890.3787041159,210361.914770643,297077.67675951804,348187.73399880726,3
regenbond_lp_injection,0.06,260,195,debt_outstanding_usd,139345.308621491,126370.14025064826,143762.28571318038,149228.59302815126,3
regenbond_lp_injection,0.06,260,195,expected_cash_return_coverage,0.13285249333333335,0.1304852832,0.131831208,0.1359346032,3
regenbond_lp_injection,0.06,260,195,expected_verified_report_exposure,1566.5151113585346,1536.6327975741115,1549.9594421903037,1607.9863935607193,3
regenbond_lp_injection,0.06,260,195,expected_voucher_return_coverage,0.590488240148629,0.5859177889044644,0.5863269363717228,0.597971604036628,3
regenbond_lp_injection,0.06,260,195,fee_pool_cumulative_usd,54841.3627261275,46769.13978599477,52222.50573982623,64746.785556671144,3
regenbond_lp_injection,0.06,260,195,household_cash_stress_ratio,0.3173333333333333,0.28400000000000003,0.32,0.3488,3
regenbond_lp_injection,0.06,260,195,loan_issuance_volume_usd,41.49737802654942,3.4306989509867076,34.30698950986707,84.59732906378977,3
regenbond_lp_injection,0.06,260,195,potential_avg_degree,46.95466666666667,46.56,46.848,47.424,3
regenbond_lp_injection,0.06,260,195,potential_largest_component_share,0.992,0.992,0.992,0.992,3
regenbond_lp_injection,0.06,260,195,realized_avg_degree,12.256,12.0416,12.128,12.56,3
regenbond_lp_injection,0.06,260,195,realized_largest_component_share,0.992,0.992,0.992,0.992,3
regenbond_lp_injection,0.06,260,195,repayment_volume_usd,6914.1866370235,4571.590263353062,7855.022760592867,8598.19772419538,3
regenbond_lp_injection,0.06,260,195,route_success_rate_tick,0.8812587670727207,0.8487109634551495,0.867109634551495,0.9237109634551496,3
regenbond_lp_injection,0.06,260,195,swap_volume_usd_tick,58412.76662191347,48070.61392741355,63222.04868850648,65388.421869798294,3
regenbond_lp_injection,0.06,260,195,transactions_per_tick,332.0,319.70000000000005,326.0,348.5,3
regenbond_lp_injection,0.06,260,208,bond_annualized_fee_yield,0.18655029233553608,0.13898166813309587,0.19366588854965047,0.22913799918809621,3
regenbond_lp_injection,0.06,260,208,bond_coupon_coverage_ratio,3.1091715389256014,2.316361135551598,3.2277648091608415,3.818966653134937,3
regenbond_lp_injection,0.06,260,208,bond_coupon_shortfall_usd,0.0,0.0,0.0,0.0,3
regenbond_lp_injection,0.06,260,208,bond_cumulative_fee_return_usd,298480.4677368577,222370.66901295338,309865.42167944077,366620.79870095395,3
regenbond_lp_injection,0.06,260,208,debt_outstanding_usd,130694.46242498582,113086.7991063559,123540.46632042671,153309.9230168071,3
regenbond_lp_injection,0.06,260,208,expected_cash_return_coverage,0.13285249333333335,0.1304852832,0.131831208,0.1359346032,3
regenbond_lp_injection,0.06,260,208,expected_verified_report_exposure,1605.7252649595932,1576.2446484153413,1586.6178124301628,1648.5810982744467,3
regenbond_lp_injection,0.06,260,208,expected_voucher_return_coverage,0.590488240148629,0.5859177889044644,0.5863269363717228,0.597971604036628,3
regenbond_lp_injection,0.06,260,208,fee_pool_cumulative_usd,57155.01179031335,48548.00462380939,55138.329335407674,67173.69667525127,3
regenbond_lp_injection,0.06,260,208,household_cash_stress_ratio,0.25866666666666666,0.2328,0.24,0.2976,3
regenbond_lp_injection,0.06,260,208,loan_issuance_volume_usd,75.90412539868149,0.0,0.0,204.94113857643998,3
regenbond_lp_injection,0.06,260,208,potential_avg_degree,46.800000000000004,46.3984,46.528,47.392,3
regenbond_lp_injection,0.06,260,208,potential_largest_component_share,0.992,0.992,0.992,0.992,3
regenbond_lp_injection,0.06,260,208,realized_avg_degree,12.298666666666668,12.1024,12.16,12.592,3
regenbond_lp_injection,0.06,260,208,realized_largest_component_share,0.992,0.992,0.992,0.992,3
regenbond_lp_injection,0.06,260,208,repayment_volume_usd,5112.845216430627,2875.7221483079848,5464.1611748278,7104.0471136752485,3
regenbond_lp_injection,0.06,260,208,route_success_rate_tick,0.9163237971495714,0.8889632107023412,0.9130434782608695,0.9459806068188926,3
regenbond_lp_injection,0.06,260,208,swap_volume_usd_tick,67064.05804207029,59320.770633174754,63491.39551935232,77308.20921686839,3
regenbond_lp_injection,0.06,260,208,transactions_per_tick,345.6666666666667,344.1,345.0,347.70000000000005,3
regenbond_lp_injection,0.06,260,221,bond_annualized_fee_yield,0.1849894950477764,0.1388983537877095,0.19307985705206857,0.22541738290483876,3
regenbond_lp_injection,0.06,260,221,bond_coupon_coverage_ratio,3.0831582507962736,2.3149725631284914,3.217997617534476,3.756956381747313,3
regenbond_lp_injection,0.06,260,221,bond_coupon_shortfall_usd,0.0,0.0,0.0,0.0,3
regenbond_lp_injection,0.06,260,221,bond_cumulative_fee_return_usd,314482.14158121985,236127.20143910614,328235.75698851654,383209.5509382259,3
regenbond_lp_injection,0.06,260,221,debt_outstanding_usd,145468.42239926828,129902.34044350537,142034.16289156122,163438.4860104261,3
regenbond_lp_injection,0.06,260,221,expected_cash_return_coverage,0.13285249333333335,0.1304852832,0.131831208,0.1359346032,3
regenbond_lp_injection,0.06,260,221,expected_verified_report_exposure,1641.7298647810603,1610.8090137076535,1622.9290823757826,1685.8112635381615,3
regenbond_lp_injection,0.06,260,221,expected_voucher_return_coverage,0.590488240148629,0.5859177889044644,0.5863269363717228,0.597971604036628,3
regenbond_lp_injection,0.06,260,221,fee_pool_cumulative_usd,59838.2460048195,50930.83820107667,58370.333811074976,69773.19234418348,3
regenbond_lp_injection,0.06,260,221,household_cash_stress_ratio,0.288,0.25680000000000003,0.264,0.33599999999999997,3
regenbond_lp_injection,0.06,260,221,loan_issuance_volume_usd,40.26413491802486,4.749025012831718,47.490250128317186,70.72096417601335,3
regenbond_lp_injection,0.06,260,221,potential_avg_degree,46.879999999999995,46.56,46.848,47.2224,3
regenbond_lp_injection,0.06,260,221,potential_largest_component_share,0.992,0.992,0.992,0.992,3
regenbond_lp_injection,0.06,260,221,realized_avg_degree,12.330666666666668,12.147200000000002,12.176,12.6224,3
regenbond_lp_injection,0.06,260,221,realized_largest_component_share,0.992,0.992,0.992,0.992,3
regenbond_lp_injection,0.06,260,221,repayment_volume_usd,6698.549622961017,3435.8759400912936,6256.054742990131,10270.969721810357,3
regenbond_lp_injection,0.06,260,221,route_success_rate_tick,0.9173969373074519,0.8993959731543625,0.9,0.9475757575757575,3
regenbond_lp_injection,0.06,260,221,swap_volume_usd_tick,76056.50148650794,62367.81309933886,82128.40196327565,85494.85953993963,3
regenbond_lp_injection,0.06,260,221,transactions_per_tick,359.0,356.1,357.0,363.3,3
regenbond_lp_injection,0.06,260,234,bond_annualized_fee_yield,0.1852651558835834,0.1391109040569262,0.19506862124620997,0.22455698195640195,3
regenbond_lp_injection,0.06,260,234,bond_coupon_coverage_ratio,3.0877525980597227,2.3185150676154365,3.251143687436833,3.742616365940033,3
regenbond_lp_injection,0.06,260,234,bond_coupon_shortfall_usd,0.0,0.0,0.0,0.0,3
regenbond_lp_injection,0.06,260,234,bond_cumulative_fee_return_usd,333477.2805904501,250399.62730246712,351123.51824317797,404202.5675215235,3
regenbond_lp_injection,0.06,260,234,debt_outstanding_usd,143031.15169667065,126730.51503050953,136244.20436886,164082.65149229928,3
regenbond_lp_injection,0.06,260,234,expected_cash_return_coverage,0.13285249333333335,0.1304852832,0.131831208,0.1359346032,3
regenbond_lp_injection,0.06,260,234,expected_verified_report_exposure,1675.268108327183,1643.5134855549886,1653.1370837309655,1722.5144483167296,3
regenbond_lp_injection,0.06,260,234,expected_voucher_return_coverage,0.590488240148629,0.5859177889044644,0.5863269363717228,0.597971604036628,3
regenbond_lp_injection,0.06,260,234,fee_pool_cumulative_usd,62422.964487299614,53117.694019294024,61615.91436121792,72293.17004356241,3
regenbond_lp_injection,0.06,260,234,household_cash_stress_ratio,0.2853333333333333,0.2296,0.28,0.3448,3
regenbond_lp_injection,0.06,260,234,loan_issuance_volume_usd,123.4353219339428,6.5388028139104755,65.38802813910475,280.96494671036174,3
regenbond_lp_injection,0.06,260,234,potential_avg_degree,46.879999999999995,46.56,46.848,47.2224,3
regenbond_lp_injection,0.06,260,234,potential_largest_component_share,0.992,0.992,0.992,0.992,3
regenbond_lp_injection,0.06,260,234,realized_avg_degree,12.346666666666666,12.164800000000001,12.208,12.6256,3
regenbond_lp_injection,0.06,260,234,realized_largest_component_share,0.992,0.992,0.992,0.992,3
regenbond_lp_injection,0.06,260,234,repayment_volume_usd,4898.529315503501,1562.8598332766712,4070.9328904658314,8813.516295256695,3
regenbond_lp_injection,0.06,260,234,route_success_rate_tick,0.8842028985507246,0.8515484949832776,0.87,0.926799331103679,3
regenbond_lp_injection,0.06,260,234,swap_volume_usd_tick,56845.46770395734,45261.87924587251,63654.34408334828,63662.84269646851,3
regenbond_lp_injection,0.06,260,234,transactions_per_tick,323.0,298.0,298.0,365.5,3
regenbond_lp_injection,0.06,260,247,bond_annualized_fee_yield,0.18085554436489507,0.13841970754497573,0.19163406427619278,0.21574641724690596,3
regenbond_lp_injection,0.06,260,247,bond_coupon_coverage_ratio,3.014259072748251,2.306995125749596,3.1939010712698797,3.595773620781766,3
regenbond_lp_injection,0.06,260,247,bond_coupon_shortfall_usd,0.0,0.0,0.0,0.0,3
regenbond_lp_injection,0.06,260,247,bond_cumulative_fee_return_usd,343625.5342933006,262997.4443354539,364104.72212476627,409918.19276912126,3
regenbond_lp_injection,0.06,260,247,debt_outstanding_usd,130208.05329486278,99707.96744774934,131827.0755113527,159574.82359043325,3
regenbond_lp_injection,0.06,260,247,expected_cash_return_coverage,0.13285249333333335,0.1304852832,0.131831208,0.1359346032,3
regenbond_lp_injection,0.06,260,247,expected_verified_report_exposure,1707.4315606161624,1676.0641747800996,1684.3499753780252,1754.9560561189205,3
regenbond_lp_injection,0.06,260,247,expected_voucher_return_coverage,0.590488240148629,0.5859177889044644,0.5863269363717228,0.597971604036628,3
regenbond_lp_injection,0.06,260,247,fee_pool_cumulative_usd,64639.08604890498,55159.65112968871,64360.931986669544,74313.22881168607,3
regenbond_lp_injection,0.06,260,247,household_cash_stress_ratio,0.32,0.2688,0.312,0.37679999999999997,3
regenbond_lp_injection,0.06,260,247,loan_issuance_volume_usd,122.53014317857303,45.742782625224436,125.51263058245996,197.22976254920076,3
regenbond_lp_injection,0.06,260,247,potential_avg_degree,46.95466666666667,46.56,46.848,47.424,3
regenbond_lp_injection,0.06,260,247,potential_largest_component_share,0.992,0.992,0.992,0.992,3
regenbond_lp_injection,0.06,260,247,realized_avg_degree,12.351999999999999,12.179200000000002,12.208,12.6256,3
regenbond_lp_injection,0.06,260,247,realized_largest_component_share,0.992,0.992,0.992,0.992,3
regenbond_lp_injection,0.06,260,247,repayment_volume_usd,3980.1974892042704,1410.8008910567776,3416.514627938249,6944.1720902379775,3
regenbond_lp_injection,0.06,260,247,route_success_rate_tick,0.883900847717597,0.860779780476308,0.8762541806020067,0.9123745819397993,3
regenbond_lp_injection,0.06,260,247,swap_volume_usd_tick,50972.316409016836,47289.05714143198,52365.59643310451,53680.279659740314,3
regenbond_lp_injection,0.06,260,247,transactions_per_tick,339.3333333333333,334.20000000000005,336.0,346.8,3
regenbond_lp_injection,0.06,260,260,bond_annualized_fee_yield,0.17931574847433898,0.13863995212602462,0.1924866594060926,0.21077190717042582,3
regenbond_lp_injection,0.06,260,260,bond_coupon_coverage_ratio,2.98859580790565,2.310665868767077,3.208110990101544,3.5128651195070972,3
regenbond_lp_injection,0.06,260,260,bond_coupon_shortfall_usd,0.0,0.0,0.0,0.0,3
regenbond_lp_injection,0.06,260,260,bond_cumulative_fee_return_usd,358631.496948678,277279.9042520492,384973.31881218526,421543.8143408516,3
regenbond_lp_injection,0.06,260,260,debt_outstanding_usd,135007.92028260126,111011.19592744512,118838.93898109702,170322.93154881036,3
regenbond_lp_injection,0.06,260,260,expected_cash_return_coverage,0.13285249333333335,0.1304852832,0.131831208,0.1359346032,3
regenbond_lp_injection,0.06,260,260,expected_verified_report_exposure,1739.037226037326,1707.2061959416426,1718.9348841556532,1784.9398954501803,3
regenbond_lp_injection,0.06,260,260,expected_voucher_return_coverage,0.590488240148629,0.5859177889044644,0.5863269363717228,0.597971604036628,3
regenbond_lp_injection,0.06,260,260,fee_pool_cumulative_usd,67142.97003957283,57347.36313547995,67729.07064102174,76528.30652265146,3
regenbond_lp_injection,0.06,260,260,household_cash_stress_ratio,0.24,0.2248,0.232,0.2608,3
regenbond_lp_injection,0.06,260,260,loan_issuance_volume_usd,49.36353599835703,6.612021215980631,57.12021215980631,86.68537746771894,3
regenbond_lp_injection,0.06,260,260,potential_avg_degree,46.95466666666667,46.56,46.848,47.424,3
regenbond_lp_injection,0.06,260,260,potential_largest_component_share,0.992,0.992,0.992,0.992,3
regenbond_lp_injection,0.06,260,260,realized_avg_degree,12.378666666666668,12.184000000000001,12.256,12.659200000000002,3
regenbond_lp_injection,0.06,260,260,realized_largest_component_share,0.992,0.992,0.992,0.992,3
regenbond_lp_injection,0.06,260,260,repayment_volume_usd,3099.633641991549,1397.1943295251683,3415.018904446296,4581.303270739606,3
regenbond_lp_injection,0.06,260,260,route_success_rate_tick,0.9585324145271553,0.9287557376471832,0.9752650176678446,0.976596269208645,3
regenbond_lp_injection,0.06,260,260,swap_volume_usd_tick,104918.53965151816,96731.98083826504,100538.84935477967,116170.88167248823,3
regenbond_lp_injection,0.06,260,260,transactions_per_tick,366.3333333333333,355.70000000000005,371.0,373.7,3
